locale,slug,preview_url,is_index
en,10-best-ai-sales-assistant-tools,https://marketing-sortlist.github.io/overloop-blog/blog/en/10-best-ai-sales-assistant-tools.html,
en,10-best-practices-for-multi-channel-sales-campaigns,https://marketing-sortlist.github.io/overloop-blog/blog/en/10-best-practices-for-multi-channel-sales-campaigns.html,
en,10-essential-sales-tools-every-b2b-team-needs-in-2025,https://marketing-sortlist.github.io/overloop-blog/blog/en/10-essential-sales-tools-every-b2b-team-needs-in-2025.html,
en,10-favourite-sales-movies,https://marketing-sortlist.github.io/overloop-blog/blog/en/10-favourite-sales-movies.html,
en,10-pro-tips-avoid-spam-folder,https://marketing-sortlist.github.io/overloop-blog/blog/en/10-pro-tips-avoid-spam-folder.html,
en,10-proven-sales-prospecting-tips-to-boost-your-pipeline-fast,https://marketing-sortlist.github.io/overloop-blog/blog/en/10-proven-sales-prospecting-tips-to-boost-your-pipeline-fast.html,
en,11-best-ai-bdr-tools,https://marketing-sortlist.github.io/overloop-blog/blog/en/11-best-ai-bdr-tools.html,
en,11-best-linkedin-automation-tools-to-accelerate-your-b2b-outreach-in-2025-6b690,https://marketing-sortlist.github.io/overloop-blog/blog/en/11-best-linkedin-automation-tools-to-accelerate-your-b2b-outreach-in-2025-6b690.html,
en,17-sentences-never-use-sales-email,https://marketing-sortlist.github.io/overloop-blog/blog/en/17-sentences-never-use-sales-email.html,
en,455-email-spam-trigger-words-avoid-2018,https://marketing-sortlist.github.io/overloop-blog/blog/en/455-email-spam-trigger-words-avoid-2018.html,
en,5-main-steps-for-an-effective-cold-email-marketing-strategy,https://marketing-sortlist.github.io/overloop-blog/blog/en/5-main-steps-for-an-effective-cold-email-marketing-strategy.html,
en,5-rules-more-successful-salespeople,https://marketing-sortlist.github.io/overloop-blog/blog/en/5-rules-more-successful-salespeople.html,
en,500-trigger-words,https://marketing-sortlist.github.io/overloop-blog/blog/en/500-trigger-words.html,
en,6-reasons-sales-process-broken,https://marketing-sortlist.github.io/overloop-blog/blog/en/6-reasons-sales-process-broken.html,
en,7-ai-sales-prospecting-tools-that-boost-lead-generation,https://marketing-sortlist.github.io/overloop-blog/blog/en/7-ai-sales-prospecting-tools-that-boost-lead-generation.html,
en,7-reasons-emails-bounce,https://marketing-sortlist.github.io/overloop-blog/blog/en/7-reasons-emails-bounce.html,
en,8-best-ai-linkedin-outreach-tools,https://marketing-sortlist.github.io/overloop-blog/blog/en/8-best-ai-linkedin-outreach-tools.html,
en,9-best-ai-agent-tools-for-sales,https://marketing-sortlist.github.io/overloop-blog/blog/en/9-best-ai-agent-tools-for-sales.html,
en,9-best-ai-email-outreach-tools,https://marketing-sortlist.github.io/overloop-blog/blog/en/9-best-ai-email-outreach-tools.html,
en,9-best-ai-multichannel-outreach-tools,https://marketing-sortlist.github.io/overloop-blog/blog/en/9-best-ai-multichannel-outreach-tools.html,
en,9-reasons-never-buy-email-lists,https://marketing-sortlist.github.io/overloop-blog/blog/en/9-reasons-never-buy-email-lists.html,
en,ab-testing-email-drip-campaigns,https://marketing-sortlist.github.io/overloop-blog/blog/en/ab-testing-email-drip-campaigns.html,
en,ai-generated-value-propositions-guide,https://marketing-sortlist.github.io/overloop-blog/blog/en/ai-generated-value-propositions-guide.html,
en,ai-sales-tool-adoption-in-b2b-outbound-prospecting-2025-industry-review-analysis,https://marketing-sortlist.github.io/overloop-blog/blog/en/ai-sales-tool-adoption-in-b2b-outbound-prospecting-2025-industry-review-analysis.html,
en,ai-sales-tools-roi-key-metrics-to-track,https://marketing-sortlist.github.io/overloop-blog/blog/en/ai-sales-tools-roi-key-metrics-to-track.html,
en,apollo-alternatives,https://marketing-sortlist.github.io/overloop-blog/blog/en/apollo-alternatives.html,
en,automations,https://marketing-sortlist.github.io/overloop-blog/blog/en/automations.html,
en,best-ai-sales-tools,https://marketing-sortlist.github.io/overloop-blog/blog/en/best-ai-sales-tools.html,
en,best-lead-generation-tools,https://marketing-sortlist.github.io/overloop-blog/blog/en/best-lead-generation-tools.html,
en,best-practices-for-links-in-your-emails,https://marketing-sortlist.github.io/overloop-blog/blog/en/best-practices-for-links-in-your-emails.html,
en,best-sales-email-template,https://marketing-sortlist.github.io/overloop-blog/blog/en/best-sales-email-template.html,
en,best-subject-lines-for-sales-emails,https://marketing-sortlist.github.io/overloop-blog/blog/en/best-subject-lines-for-sales-emails.html,
en,boost-sales-motivation,https://marketing-sortlist.github.io/overloop-blog/blog/en/boost-sales-motivation.html,
en,cold-email-illegal,https://marketing-sortlist.github.io/overloop-blog/blog/en/cold-email-illegal.html,
en,cold-email-stats-2018,https://marketing-sortlist.github.io/overloop-blog/blog/en/cold-email-stats-2018.html,
en,cold-emailing-link-building,https://marketing-sortlist.github.io/overloop-blog/blog/en/cold-emailing-link-building.html,
en,common-sales-automation-mistakes-and-how-to-avoid-them,https://marketing-sortlist.github.io/overloop-blog/blog/en/common-sales-automation-mistakes-and-how-to-avoid-them.html,
en,deal-objections,https://marketing-sortlist.github.io/overloop-blog/blog/en/deal-objections.html,
en,email-automation,https://marketing-sortlist.github.io/overloop-blog/blog/en/email-automation.html,
en,following-up-surefire-techniques,https://marketing-sortlist.github.io/overloop-blog/blog/en/following-up-surefire-techniques.html,
en,get-email-from-linkedin-profile,https://marketing-sortlist.github.io/overloop-blog/blog/en/get-email-from-linkedin-profile.html,
en,how-ai-follow-up-scheduling-boosts-sales-efficiency,https://marketing-sortlist.github.io/overloop-blog/blog/en/how-ai-follow-up-scheduling-boosts-sales-efficiency.html,
en,how-to-build-scalable-lead-generation-workflows,https://marketing-sortlist.github.io/overloop-blog/blog/en/how-to-build-scalable-lead-generation-workflows.html,
en,how-to-compose-a-follow-up-email,https://marketing-sortlist.github.io/overloop-blog/blog/en/how-to-compose-a-follow-up-email.html,
en,how-to-find-someone-email-address-efficiently,https://marketing-sortlist.github.io/overloop-blog/blog/en/how-to-find-someone-email-address-efficiently.html,
en,how-to-use-overloop-email-finder-step-by-step-for-effortless-lead-generation,https://marketing-sortlist.github.io/overloop-blog/blog/en/how-to-use-overloop-email-finder-step-by-step-for-effortless-lead-generation.html,
en,how-to-write-a-successful-cold-email,https://marketing-sortlist.github.io/overloop-blog/blog/en/how-to-write-a-successful-cold-email.html,
en,how-to-write-a-successful-follow-up-email,https://marketing-sortlist.github.io/overloop-blog/blog/en/how-to-write-a-successful-follow-up-email.html,
en,how-to-write-personalized-sales-emails-at-scale,https://marketing-sortlist.github.io/overloop-blog/blog/en/how-to-write-personalized-sales-emails-at-scale.html,
en,increase-reply-rate,https://marketing-sortlist.github.io/overloop-blog/blog/en/increase-reply-rate.html,
en,increase-saas-sales-growth-system,https://marketing-sortlist.github.io/overloop-blog/blog/en/increase-saas-sales-growth-system.html,
en,index,https://marketing-sortlist.github.io/overloop-blog/blog/en/index.html,yes
en,inside-sales-outside-sales,https://marketing-sortlist.github.io/overloop-blog/blog/en/inside-sales-outside-sales.html,
en,instantly-alternatives,https://marketing-sortlist.github.io/overloop-blog/blog/en/instantly-alternatives.html,
en,kickstart-sales-career-2,https://marketing-sortlist.github.io/overloop-blog/blog/en/kickstart-sales-career-2.html,
en,know-prospect-find,https://marketing-sortlist.github.io/overloop-blog/blog/en/know-prospect-find.html,
en,la-growth-machine-review,https://marketing-sortlist.github.io/overloop-blog/blog/en/la-growth-machine-review.html,
en,lead-generation-strategies-every-saas-business-should-try-today,https://marketing-sortlist.github.io/overloop-blog/blog/en/lead-generation-strategies-every-saas-business-should-try-today.html,
en,lemlist-alternatives,https://marketing-sortlist.github.io/overloop-blog/blog/en/lemlist-alternatives.html,
en,linkedin-helper-review,https://marketing-sortlist.github.io/overloop-blog/blog/en/linkedin-helper-review.html,
en,linkedin-vs-email-which-performs-better-for-b2b-outreach,https://marketing-sortlist.github.io/overloop-blog/blog/en/linkedin-vs-email-which-performs-better-for-b2b-outreach.html,
en,outreach-alternatives,https://marketing-sortlist.github.io/overloop-blog/blog/en/outreach-alternatives.html,
en,overloop-joins-sortlist,https://marketing-sortlist.github.io/overloop-blog/blog/en/overloop-joins-sortlist.html,
en,perfect-follow-up-email-campaign,https://marketing-sortlist.github.io/overloop-blog/blog/en/perfect-follow-up-email-campaign.html,
en,pre-call-planning,https://marketing-sortlist.github.io/overloop-blog/blog/en/pre-call-planning.html,
en,sales-appointment-setting,https://marketing-sortlist.github.io/overloop-blog/blog/en/sales-appointment-setting.html,
en,sales-email-tips-to-help-you-close-more-deals,https://marketing-sortlist.github.io/overloop-blog/blog/en/sales-email-tips-to-help-you-close-more-deals.html,
en,sales-engagement-platforms-compared-top-sales-engagement-platforms-2025-versus-guide,https://marketing-sortlist.github.io/overloop-blog/blog/en/sales-engagement-platforms-compared-top-sales-engagement-platforms-2025-versus-guide.html,
en,sales-presentations,https://marketing-sortlist.github.io/overloop-blog/blog/en/sales-presentations.html,
en,salesloft-alternatives,https://marketing-sortlist.github.io/overloop-blog/blog/en/salesloft-alternatives.html,
en,seasonal-sales,https://marketing-sortlist.github.io/overloop-blog/blog/en/seasonal-sales.html,
en,the-ultimate-checklist-for-selecting-the-best-ai-sdr-tools-in-2025,https://marketing-sortlist.github.io/overloop-blog/blog/en/the-ultimate-checklist-for-selecting-the-best-ai-sdr-tools-in-2025.html,
en,the-ultimate-guide-to-linkedin-automation-boost-b2b-sales-in-2025,https://marketing-sortlist.github.io/overloop-blog/blog/en/the-ultimate-guide-to-linkedin-automation-boost-b2b-sales-in-2025.html,
en,top-8-sales-prospecting-tools-for-small-business-teams,https://marketing-sortlist.github.io/overloop-blog/blog/en/top-8-sales-prospecting-tools-for-small-business-teams.html,
en,whats-the-best-email-length-for-sales-outreach,https://marketing-sortlist.github.io/overloop-blog/blog/en/whats-the-best-email-length-for-sales-outreach.html,
fr,9-best-ai-email-outreach-tools,https://marketing-sortlist.github.io/overloop-blog/blog/fr/9-best-ai-email-outreach-tools.html,
fr,adoption-ia-prospection-b2b-analyse,https://marketing-sortlist.github.io/overloop-blog/blog/fr/adoption-ia-prospection-b2b-analyse.html,
fr,ai-sales-tools-roi,https://marketing-sortlist.github.io/overloop-blog/blog/fr/ai-sales-tools-roi.html,
fr,alternatives-apollo-prospection-b2b,https://marketing-sortlist.github.io/overloop-blog/blog/fr/alternatives-apollo-prospection-b2b.html,
fr,augmenter-taux-reponse-emails,https://marketing-sortlist.github.io/overloop-blog/blog/fr/augmenter-taux-reponse-emails.html,
fr,augmenter-ventes-saas-croissance,https://marketing-sortlist.github.io/overloop-blog/blog/fr/augmenter-ventes-saas-croissance.html,
fr,automatisation-email-prospection,https://marketing-sortlist.github.io/overloop-blog/blog/fr/automatisation-email-prospection.html,
fr,automatisation-ventes-erreurs,https://marketing-sortlist.github.io/overloop-blog/blog/fr/automatisation-ventes-erreurs.html,
fr,automatisations-prospection,https://marketing-sortlist.github.io/overloop-blog/blog/fr/automatisations-prospection.html,
fr,avis-la-growth-machine,https://marketing-sortlist.github.io/overloop-blog/blog/fr/avis-la-growth-machine.html,
fr,best-ai-sales-tools,https://marketing-sortlist.github.io/overloop-blog/blog/fr/best-ai-sales-tools.html,
fr,bonnes-pratiques-liens-emails,https://marketing-sortlist.github.io/overloop-blog/blog/fr/bonnes-pratiques-liens-emails.html,
fr,checklist-outils-ai-sdr,https://marketing-sortlist.github.io/overloop-blog/blog/fr/checklist-outils-ai-sdr.html,
fr,cold-email-est-il-illegal,https://marketing-sortlist.github.io/overloop-blog/blog/fr/cold-email-est-il-illegal.html,
fr,cold-email-link-building,https://marketing-sortlist.github.io/overloop-blog/blog/fr/cold-email-link-building.html,
fr,comparatif-plateformes-sales-engagement,https://marketing-sortlist.github.io/overloop-blog/blog/fr/comparatif-plateformes-sales-engagement.html,
fr,conseils-email-vente,https://marketing-sortlist.github.io/overloop-blog/blog/fr/conseils-email-vente.html,
fr,conseils-eviter-dossier-spam,https://marketing-sortlist.github.io/overloop-blog/blog/fr/conseils-eviter-dossier-spam.html,
fr,demarrer-carriere-vente-conseils,https://marketing-sortlist.github.io/overloop-blog/blog/fr/demarrer-carriere-vente-conseils.html,
fr,email-suivi-reussi-etapes,https://marketing-sortlist.github.io/overloop-blog/blog/fr/email-suivi-reussi-etapes.html,
fr,email-vente-personnalise,https://marketing-sortlist.github.io/overloop-blog/blog/fr/email-vente-personnalise.html,
fr,films-vente-favoris-commerciaux,https://marketing-sortlist.github.io/overloop-blog/blog/fr/films-vente-favoris-commerciaux.html,
fr,guide-cold-email,https://marketing-sortlist.github.io/overloop-blog/blog/fr/guide-cold-email.html,
fr,ia-relances-ventes-efficacite,https://marketing-sortlist.github.io/overloop-blog/blog/fr/ia-relances-ventes-efficacite.html,
fr,identifier-prospects-cibles,https://marketing-sortlist.github.io/overloop-blog/blog/fr/identifier-prospects-cibles.html,
fr,index,https://marketing-sortlist.github.io/overloop-blog/blog/fr/index.html,yes
fr,instantly-alternatives,https://marketing-sortlist.github.io/overloop-blog/blog/fr/instantly-alternatives.html,
fr,lead-generation-scalable-workflows,https://marketing-sortlist.github.io/overloop-blog/blog/fr/lead-generation-scalable-workflows.html,
fr,lemlist-alternatives,https://marketing-sortlist.github.io/overloop-blog/blog/fr/lemlist-alternatives.html,
fr,linkedin-helper-review,https://marketing-sortlist.github.io/overloop-blog/blog/fr/linkedin-helper-review.html,
fr,linkedin-vs-email-prospection-b2b,https://marketing-sortlist.github.io/overloop-blog/blog/fr/linkedin-vs-email-prospection-b2b.html,
fr,logiciel-cold-email,https://marketing-sortlist.github.io/overloop-blog/blog/fr/logiciel-cold-email.html,
fr,longueur-cold-email,https://marketing-sortlist.github.io/overloop-blog/blog/fr/longueur-cold-email.html,
fr,meilleures-pratiques-campagnes-vente-multicanal,https://marketing-sortlist.github.io/overloop-blog/blog/fr/meilleures-pratiques-campagnes-vente-multicanal.html,
fr,meilleurs-agents-ia-ventes,https://marketing-sortlist.github.io/overloop-blog/blog/fr/meilleurs-agents-ia-ventes.html,
fr,meilleurs-assistants-ia-vente,https://marketing-sortlist.github.io/overloop-blog/blog/fr/meilleurs-assistants-ia-vente.html,
fr,meilleurs-outils-automatisation-linkedin-b2b,https://marketing-sortlist.github.io/overloop-blog/blog/fr/meilleurs-outils-automatisation-linkedin-b2b.html,
fr,meilleurs-outils-ia-bdr,https://marketing-sortlist.github.io/overloop-blog/blog/fr/meilleurs-outils-ia-bdr.html,
fr,meilleurs-outils-ia-email-outreach,https://marketing-sortlist.github.io/overloop-blog/blog/fr/meilleurs-outils-ia-email-outreach.html,
fr,meilleurs-outils-ia-multichannel,https://marketing-sortlist.github.io/overloop-blog/blog/fr/meilleurs-outils-ia-multichannel.html,
fr,meilleurs-outils-prospection-linkedin-ia,https://marketing-sortlist.github.io/overloop-blog/blog/fr/meilleurs-outils-prospection-linkedin-ia.html,
fr,meilleurs-outils-prospection-pme,https://marketing-sortlist.github.io/overloop-blog/blog/fr/meilleurs-outils-prospection-pme.html,
fr,modele-email-vente,https://marketing-sortlist.github.io/overloop-blog/blog/fr/modele-email-vente.html,
fr,motivation-ventes,https://marketing-sortlist.github.io/overloop-blog/blog/fr/motivation-ventes.html,
fr,mots-declencheurs-copywriting-email,https://marketing-sortlist.github.io/overloop-blog/blog/fr/mots-declencheurs-copywriting-email.html,
fr,mots-spam-eviter-emails,https://marketing-sortlist.github.io/overloop-blog/blog/fr/mots-spam-eviter-emails.html,
fr,objection-vente,https://marketing-sortlist.github.io/overloop-blog/blog/fr/objection-vente.html,
fr,objet-email-vente,https://marketing-sortlist.github.io/overloop-blog/blog/fr/objet-email-vente.html,
fr,obtenir-emails-linkedin,https://marketing-sortlist.github.io/overloop-blog/blog/fr/obtenir-emails-linkedin.html,
fr,outils-ia-prospection-generation-leads,https://marketing-sortlist.github.io/overloop-blog/blog/fr/outils-ia-prospection-generation-leads.html,
fr,outils-vente-essentiels-equipe-b2b,https://marketing-sortlist.github.io/overloop-blog/blog/fr/outils-vente-essentiels-equipe-b2b.html,
fr,outreach-alternatives,https://marketing-sortlist.github.io/overloop-blog/blog/fr/outreach-alternatives.html,
fr,overloop-rejoint-sortlist,https://marketing-sortlist.github.io/overloop-blog/blog/fr/overloop-rejoint-sortlist.html,
fr,phrases-eviter-email-vente,https://marketing-sortlist.github.io/overloop-blog/blog/fr/phrases-eviter-email-vente.html,
fr,pourquoi-ne-pas-acheter-listes-emails,https://marketing-sortlist.github.io/overloop-blog/blog/fr/pourquoi-ne-pas-acheter-listes-emails.html,
fr,pre-call-planning,https://marketing-sortlist.github.io/overloop-blog/blog/fr/pre-call-planning.html,
fr,presentation-vente-generique,https://marketing-sortlist.github.io/overloop-blog/blog/fr/presentation-vente-generique.html,
fr,processus-vente-erreurs,https://marketing-sortlist.github.io/overloop-blog/blog/fr/processus-vente-erreurs.html,
fr,propositions-valeur-ia-guide,https://marketing-sortlist.github.io/overloop-blog/blog/fr/propositions-valeur-ia-guide.html,
fr,prospection-commerciale-conseils,https://marketing-sortlist.github.io/overloop-blog/blog/fr/prospection-commerciale-conseils.html,
fr,raisons-rebond-emails-comment-eviter,https://marketing-sortlist.github.io/overloop-blog/blog/fr/raisons-rebond-emails-comment-eviter.html,
fr,rediger-email-suivi-guide,https://marketing-sortlist.github.io/overloop-blog/blog/fr/rediger-email-suivi-guide.html,
fr,regles-succes-commercial-vente,https://marketing-sortlist.github.io/overloop-blog/blog/fr/regles-succes-commercial-vente.html,
fr,rendez-vous-commerciaux,https://marketing-sortlist.github.io/overloop-blog/blog/fr/rendez-vous-commerciaux.html,
fr,salesloft-alternatives,https://marketing-sortlist.github.io/overloop-blog/blog/fr/salesloft-alternatives.html,
fr,sequence-emails-suivi-parfaite,https://marketing-sortlist.github.io/overloop-blog/blog/fr/sequence-emails-suivi-parfaite.html,
fr,statistiques-cold-email,https://marketing-sortlist.github.io/overloop-blog/blog/fr/statistiques-cold-email.html,
fr,strategie-cold-email-etapes,https://marketing-sortlist.github.io/overloop-blog/blog/fr/strategie-cold-email-etapes.html,
fr,strategies-generation-leads-saas,https://marketing-sortlist.github.io/overloop-blog/blog/fr/strategies-generation-leads-saas.html,
fr,techniques-suivi-commercial-vente,https://marketing-sortlist.github.io/overloop-blog/blog/fr/techniques-suivi-commercial-vente.html,
fr,test-ab-campagnes-email,https://marketing-sortlist.github.io/overloop-blog/blog/fr/test-ab-campagnes-email.html,
fr,the-ultimate-guide-to-linkedin-automation-boost-b2b-sales-in-2025,https://marketing-sortlist.github.io/overloop-blog/blog/fr/the-ultimate-guide-to-linkedin-automation-boost-b2b-sales-in-2025.html,
fr,trouver-adresse-email-quelquun,https://marketing-sortlist.github.io/overloop-blog/blog/fr/trouver-adresse-email-quelquun.html,
fr,trouver-emails-b2b-gdpr,https://marketing-sortlist.github.io/overloop-blog/blog/fr/trouver-emails-b2b-gdpr.html,
fr,ventes-internes-vs-ventes-externes,https://marketing-sortlist.github.io/overloop-blog/blog/fr/ventes-internes-vs-ventes-externes.html,
fr,ventes-saisonnieres-survivre-basse-saison,https://marketing-sortlist.github.io/overloop-blog/blog/fr/ventes-saisonnieres-survivre-basse-saison.html,
de,9-best-ai-email-outreach-tools,https://marketing-sortlist.github.io/overloop-blog/blog/de/9-best-ai-email-outreach-tools.html,
de,ab-test-e-mail-drip-kampagnen,https://marketing-sortlist.github.io/overloop-blog/blog/de/ab-test-e-mail-drip-kampagnen.html,
de,antwortrate-erhoehen-sales-emails,https://marketing-sortlist.github.io/overloop-blog/blog/de/antwortrate-erhoehen-sales-emails.html,
de,apollo-alternativen,https://marketing-sortlist.github.io/overloop-blog/blog/de/apollo-alternativen.html,
de,automatisierungen-workflow,https://marketing-sortlist.github.io/overloop-blog/blog/de/automatisierungen-workflow.html,
de,b2b-emails-finden-dsgvo,https://marketing-sortlist.github.io/overloop-blog/blog/de/b2b-emails-finden-dsgvo.html,
de,beliebteste-verkaufsfilme,https://marketing-sortlist.github.io/overloop-blog/blog/de/beliebteste-verkaufsfilme.html,
de,best-ai-sales-tools,https://marketing-sortlist.github.io/overloop-blog/blog/de/best-ai-sales-tools.html,
de,betreffzeilen-verkaufs-e-mails,https://marketing-sortlist.github.io/overloop-blog/blog/de/betreffzeilen-verkaufs-e-mails.html,
de,cold-email-guide,https://marketing-sortlist.github.io/overloop-blog/blog/de/cold-email-guide.html,
de,cold-email-kampagne-schritte,https://marketing-sortlist.github.io/overloop-blog/blog/de/cold-email-kampagne-schritte.html,
de,cold-email-legal-erlaubt,https://marketing-sortlist.github.io/overloop-blog/blog/de/cold-email-legal-erlaubt.html,
de,cold-email-linkbuilding-fallstudie,https://marketing-sortlist.github.io/overloop-blog/blog/de/cold-email-linkbuilding-fallstudie.html,
de,cold-email-statistiken-analyse,https://marketing-sortlist.github.io/overloop-blog/blog/de/cold-email-statistiken-analyse.html,
de,e-mail-automatisierung-vertriebsproduktivitaet,https://marketing-sortlist.github.io/overloop-blog/blog/de/e-mail-automatisierung-vertriebsproduktivitaet.html,
de,e-mail-bounce-gruende-vermeiden,https://marketing-sortlist.github.io/overloop-blog/blog/de/e-mail-bounce-gruende-vermeiden.html,
de,e-mail-listen-kaufen-gruende-dagegen,https://marketing-sortlist.github.io/overloop-blog/blog/de/e-mail-listen-kaufen-gruende-dagegen.html,
de,e-mails-linkedin-profil-finden,https://marketing-sortlist.github.io/overloop-blog/blog/de/e-mails-linkedin-profil-finden.html,
de,einwaende-vertrieb-nein-umgehen,https://marketing-sortlist.github.io/overloop-blog/blog/de/einwaende-vertrieb-nein-umgehen.html,
de,email-adresse-finden,https://marketing-sortlist.github.io/overloop-blog/blog/de/email-adresse-finden.html,
de,erfolgsregeln-verkauf-bessere-ergebnisse,https://marketing-sortlist.github.io/overloop-blog/blog/de/erfolgsregeln-verkauf-bessere-ergebnisse.html,
de,folge-email-verfassen-leitfaden,https://marketing-sortlist.github.io/overloop-blog/blog/de/folge-email-verfassen-leitfaden.html,
de,follow-up-email-schreiben,https://marketing-sortlist.github.io/overloop-blog/blog/de/follow-up-email-schreiben.html,
de,follow-up-email-sequenz-vorlage,https://marketing-sortlist.github.io/overloop-blog/blog/de/follow-up-email-sequenz-vorlage.html,
de,ideale-laenge-kalter-e-mails,https://marketing-sortlist.github.io/overloop-blog/blog/de/ideale-laenge-kalter-e-mails.html,
de,index,https://marketing-sortlist.github.io/overloop-blog/blog/de/index.html,yes
de,innendienst-vs-aussendienst,https://marketing-sortlist.github.io/overloop-blog/blog/de/innendienst-vs-aussendienst.html,
de,instantly-alternatives,https://marketing-sortlist.github.io/overloop-blog/blog/de/instantly-alternatives.html,
de,ki-agent-tools-vertrieb,https://marketing-sortlist.github.io/overloop-blog/blog/de/ki-agent-tools-vertrieb.html,
de,ki-bdr-tools,https://marketing-sortlist.github.io/overloop-blog/blog/de/ki-bdr-tools.html,
de,ki-multichannel-outreach-tools,https://marketing-sortlist.github.io/overloop-blog/blog/de/ki-multichannel-outreach-tools.html,
de,ki-nachsorgeplanung-vertriebseffizienz,https://marketing-sortlist.github.io/overloop-blog/blog/de/ki-nachsorgeplanung-vertriebseffizienz.html,
de,ki-sdr-tools-checkliste,https://marketing-sortlist.github.io/overloop-blog/blog/de/ki-sdr-tools-checkliste.html,
de,ki-tools-verkaufsprospektion-leads,https://marketing-sortlist.github.io/overloop-blog/blog/de/ki-tools-verkaufsprospektion-leads.html,
de,ki-vertriebsassistent-tools,https://marketing-sortlist.github.io/overloop-blog/blog/de/ki-vertriebsassistent-tools.html,
de,ki-vertriebstools-b2b-outbound,https://marketing-sortlist.github.io/overloop-blog/blog/de/ki-vertriebstools-b2b-outbound.html,
de,ki-vertriebstools-roi-kennzahlen,https://marketing-sortlist.github.io/overloop-blog/blog/de/ki-vertriebstools-roi-kennzahlen.html,
de,ki-wertversprechen-leitfaden,https://marketing-sortlist.github.io/overloop-blog/blog/de/ki-wertversprechen-leitfaden.html,
de,la-growth-machine-review,https://marketing-sortlist.github.io/overloop-blog/blog/de/la-growth-machine-review.html,
de,lead-generierung-strategien-saas,https://marketing-sortlist.github.io/overloop-blog/blog/de/lead-generierung-strategien-saas.html,
de,lead-generierung-workflows-skalierbar,https://marketing-sortlist.github.io/overloop-blog/blog/de/lead-generierung-workflows-skalierbar.html,
de,lemlist-alternatives,https://marketing-sortlist.github.io/overloop-blog/blog/de/lemlist-alternatives.html,
de,linkedin-automatisierung-leitfaden,https://marketing-sortlist.github.io/overloop-blog/blog/de/linkedin-automatisierung-leitfaden.html,
de,linkedin-automatisierungstools,https://marketing-sortlist.github.io/overloop-blog/blog/de/linkedin-automatisierungstools.html,
de,linkedin-helper-review,https://marketing-sortlist.github.io/overloop-blog/blog/de/linkedin-helper-review.html,
de,linkedin-outreach-tools-ki,https://marketing-sortlist.github.io/overloop-blog/blog/de/linkedin-outreach-tools-ki.html,
de,linkedin-vs-e-mail-b2b-outreach,https://marketing-sortlist.github.io/overloop-blog/blog/de/linkedin-vs-e-mail-b2b-outreach.html,
de,links-in-e-mails-best-practices,https://marketing-sortlist.github.io/overloop-blog/blog/de/links-in-e-mails-best-practices.html,
de,multichannel-vertriebskampagnen-best-practices,https://marketing-sortlist.github.io/overloop-blog/blog/de/multichannel-vertriebskampagnen-best-practices.html,
de,nachfassen-vertrieb-techniken,https://marketing-sortlist.github.io/overloop-blog/blog/de/nachfassen-vertrieb-techniken.html,
de,outreach-alternatives,https://marketing-sortlist.github.io/overloop-blog/blog/de/outreach-alternatives.html,
de,overloop-und-sortlist-zusammenschluss,https://marketing-sortlist.github.io/overloop-blog/blog/de/overloop-und-sortlist-zusammenschluss.html,
de,personalisierte-vertriebs-email-schreiben,https://marketing-sortlist.github.io/overloop-blog/blog/de/personalisierte-vertriebs-email-schreiben.html,
de,pre-call-planung-verkaufsgesprach,https://marketing-sortlist.github.io/overloop-blog/blog/de/pre-call-planung-verkaufsgesprach.html,
de,prospecting-tools-kleinunternehmen,https://marketing-sortlist.github.io/overloop-blog/blog/de/prospecting-tools-kleinunternehmen.html,
de,richtige-interessenten-finden,https://marketing-sortlist.github.io/overloop-blog/blog/de/richtige-interessenten-finden.html,
de,saisonale-verkaufe-nebensaison,https://marketing-sortlist.github.io/overloop-blog/blog/de/saisonale-verkaufe-nebensaison.html,
de,salesloft-alternatives,https://marketing-sortlist.github.io/overloop-blog/blog/de/salesloft-alternatives.html,
de,spam-ausloeseworter-e-mail-liste,https://marketing-sortlist.github.io/overloop-blog/blog/de/spam-ausloeseworter-e-mail-liste.html,
de,spam-ordner-vermeiden-profi-tipps,https://marketing-sortlist.github.io/overloop-blog/blog/de/spam-ordner-vermeiden-profi-tipps.html,
de,terminvereinbarung-vertrieb,https://marketing-sortlist.github.io/overloop-blog/blog/de/terminvereinbarung-vertrieb.html,
de,triggerwoerter-e-mail-texte,https://marketing-sortlist.github.io/overloop-blog/blog/de/triggerwoerter-e-mail-texte.html,
de,unverzichtbare-vertriebstools-b2b,https://marketing-sortlist.github.io/overloop-blog/blog/de/unverzichtbare-vertriebstools-b2b.html,
de,verbotene-saetze-verkaufs-e-mail,https://marketing-sortlist.github.io/overloop-blog/blog/de/verbotene-saetze-verkaufs-e-mail.html,
de,verkaeufer-nicht-ergebnisbesessen-interview,https://marketing-sortlist.github.io/overloop-blog/blog/de/verkaeufer-nicht-ergebnisbesessen-interview.html,
de,verkaufs-e-mail-vorlage-sdr,https://marketing-sortlist.github.io/overloop-blog/blog/de/verkaufs-e-mail-vorlage-sdr.html,
de,verkaufsprasentation-verbessern,https://marketing-sortlist.github.io/overloop-blog/blog/de/verkaufsprasentation-verbessern.html,
de,verkaufsprozess-fehler-optimierung,https://marketing-sortlist.github.io/overloop-blog/blog/de/verkaufsprozess-fehler-optimierung.html,
de,vertriebs-email-tipps-mehr-geschafte,https://marketing-sortlist.github.io/overloop-blog/blog/de/vertriebs-email-tipps-mehr-geschafte.html,
de,vertriebsautomatisierung-fehler-vermeiden,https://marketing-sortlist.github.io/overloop-blog/blog/de/vertriebsautomatisierung-fehler-vermeiden.html,
de,vertriebsengagement-plattformen-vergleich,https://marketing-sortlist.github.io/overloop-blog/blog/de/vertriebsengagement-plattformen-vergleich.html,
de,vertriebskarriere-starten,https://marketing-sortlist.github.io/overloop-blog/blog/de/vertriebskarriere-starten.html,
de,vertriebsprospektion-tipps-pipeline,https://marketing-sortlist.github.io/overloop-blog/blog/de/vertriebsprospektion-tipps-pipeline.html,
es,500-palabras-detonantes,https://marketing-sortlist.github.io/overloop-blog/blog/es/500-palabras-detonantes.html,
es,9-best-ai-email-outreach-tools,https://marketing-sortlist.github.io/overloop-blog/blog/es/9-best-ai-email-outreach-tools.html,
es,adopcion-herramientas-ia-ventas-b2b,https://marketing-sortlist.github.io/overloop-blog/blog/es/adopcion-herramientas-ia-ventas-b2b.html,
es,alternativas-apollo,https://marketing-sortlist.github.io/overloop-blog/blog/es/alternativas-apollo.html,
es,automatizacion-correo-electronico,https://marketing-sortlist.github.io/overloop-blog/blog/es/automatizacion-correo-electronico.html,
es,automatizaciones-overloop,https://marketing-sortlist.github.io/overloop-blog/blog/es/automatizaciones-overloop.html,
es,best-ai-sales-tools,https://marketing-sortlist.github.io/overloop-blog/blog/es/best-ai-sales-tools.html,
es,carrera-ventas,https://marketing-sortlist.github.io/overloop-blog/blog/es/carrera-ventas.html,
es,checklist-seleccionar-mejores-herramientas-ia-sdr,https://marketing-sortlist.github.io/overloop-blog/blog/es/checklist-seleccionar-mejores-herramientas-ia-sdr.html,
es,citas-de-ventas,https://marketing-sortlist.github.io/overloop-blog/blog/es/citas-de-ventas.html,
es,comparativa-plataformas-ventas-engagement,https://marketing-sortlist.github.io/overloop-blog/blog/es/comparativa-plataformas-ventas-engagement.html,
es,comprar-listas-de-correo-electronico,https://marketing-sortlist.github.io/overloop-blog/blog/es/comprar-listas-de-correo-electronico.html,
es,consejos-correos-ventas,https://marketing-sortlist.github.io/overloop-blog/blog/es/consejos-correos-ventas.html,
es,consejos-evitar-carpeta-spam,https://marketing-sortlist.github.io/overloop-blog/blog/es/consejos-evitar-carpeta-spam.html,
es,consejos-prospeccion-ventas-pipeline,https://marketing-sortlist.github.io/overloop-blog/blog/es/consejos-prospeccion-ventas-pipeline.html,
es,correo-seguimiento,https://marketing-sortlist.github.io/overloop-blog/blog/es/correo-seguimiento.html,
es,correo-ventas-personalizado,https://marketing-sortlist.github.io/overloop-blog/blog/es/correo-ventas-personalizado.html,
es,correos-perfil-linkedin,https://marketing-sortlist.github.io/overloop-blog/blog/es/correos-perfil-linkedin.html,
es,email-frio-es-ilegal,https://marketing-sortlist.github.io/overloop-blog/blog/es/email-frio-es-ilegal.html,
es,email-frio-link-building-caso-estudio,https://marketing-sortlist.github.io/overloop-blog/blog/es/email-frio-link-building-caso-estudio.html,
es,encontrar-correo-electronico,https://marketing-sortlist.github.io/overloop-blog/blog/es/encontrar-correo-electronico.html,
es,encontrar-correos-b2b,https://marketing-sortlist.github.io/overloop-blog/blog/es/encontrar-correos-b2b.html,
es,enlaces-correos-electronicos,https://marketing-sortlist.github.io/overloop-blog/blog/es/enlaces-correos-electronicos.html,
es,errores-automatizacion-ventas-como-evitarlos,https://marketing-sortlist.github.io/overloop-blog/blog/es/errores-automatizacion-ventas-como-evitarlos.html,
es,estadisticas-cold-email,https://marketing-sortlist.github.io/overloop-blog/blog/es/estadisticas-cold-email.html,
es,estrategia-cold-email,https://marketing-sortlist.github.io/overloop-blog/blog/es/estrategia-cold-email.html,
es,estrategias-generacion-leads-saas,https://marketing-sortlist.github.io/overloop-blog/blog/es/estrategias-generacion-leads-saas.html,
es,flujos-trabajo-generacion-leads,https://marketing-sortlist.github.io/overloop-blog/blog/es/flujos-trabajo-generacion-leads.html,
es,frases-prohibidas-email-ventas,https://marketing-sortlist.github.io/overloop-blog/blog/es/frases-prohibidas-email-ventas.html,
es,guia-automatizacion-linkedin-2025,https://marketing-sortlist.github.io/overloop-blog/blog/es/guia-automatizacion-linkedin-2025.html,
es,guia-cold-email,https://marketing-sortlist.github.io/overloop-blog/blog/es/guia-cold-email.html,
es,herramientas-prospeccion-pymes,https://marketing-sortlist.github.io/overloop-blog/blog/es/herramientas-prospeccion-pymes.html,
es,herramientas-prospeccion-ventas-ia,https://marketing-sortlist.github.io/overloop-blog/blog/es/herramientas-prospeccion-ventas-ia.html,
es,herramientas-ventas-esenciales-equipos-b2b,https://marketing-sortlist.github.io/overloop-blog/blog/es/herramientas-ventas-esenciales-equipos-b2b.html,
es,ia-programacion-seguimiento-ventas,https://marketing-sortlist.github.io/overloop-blog/blog/es/ia-programacion-seguimiento-ventas.html,
es,index,https://marketing-sortlist.github.io/overloop-blog/blog/es/index.html,yes
es,instantly-alternatives,https://marketing-sortlist.github.io/overloop-blog/blog/es/instantly-alternatives.html,
es,lemlist-alternatives,https://marketing-sortlist.github.io/overloop-blog/blog/es/lemlist-alternatives.html,
es,linkedin-vs-email-comparativa-outreach-b2b,https://marketing-sortlist.github.io/overloop-blog/blog/es/linkedin-vs-email-comparativa-outreach-b2b.html,
es,longitud-ideal-email-frio,https://marketing-sortlist.github.io/overloop-blog/blog/es/longitud-ideal-email-frio.html,
es,mejores-asuntos-email-ventas,https://marketing-sortlist.github.io/overloop-blog/blog/es/mejores-asuntos-email-ventas.html,
es,mejores-herramientas-agentes-ia-ventas,https://marketing-sortlist.github.io/overloop-blog/blog/es/mejores-herramientas-agentes-ia-ventas.html,
es,mejores-herramientas-asistente-ventas-ia,https://marketing-sortlist.github.io/overloop-blog/blog/es/mejores-herramientas-asistente-ventas-ia.html,
es,mejores-herramientas-automatizacion-linkedin,https://marketing-sortlist.github.io/overloop-blog/blog/es/mejores-herramientas-automatizacion-linkedin.html,
es,mejores-herramientas-ia-bdr,https://marketing-sortlist.github.io/overloop-blog/blog/es/mejores-herramientas-ia-bdr.html,
es,mejores-herramientas-outreach-linkedin-ia,https://marketing-sortlist.github.io/overloop-blog/blog/es/mejores-herramientas-outreach-linkedin-ia.html,
es,mejores-herramientas-outreach-multicanal-ia,https://marketing-sortlist.github.io/overloop-blog/blog/es/mejores-herramientas-outreach-multicanal-ia.html,
es,mejores-practicas-campanas-ventas-multicanal,https://marketing-sortlist.github.io/overloop-blog/blog/es/mejores-practicas-campanas-ventas-multicanal.html,
es,objeciones-ventas,https://marketing-sortlist.github.io/overloop-blog/blog/es/objeciones-ventas.html,
es,outreach-alternatives,https://marketing-sortlist.github.io/overloop-blog/blog/es/outreach-alternatives.html,
es,overloop-se-une-sortlist,https://marketing-sortlist.github.io/overloop-blog/blog/es/overloop-se-une-sortlist.html,
es,palabras-spam-evitar-email,https://marketing-sortlist.github.io/overloop-blog/blog/es/palabras-spam-evitar-email.html,
es,peliculas-ventas-favoritas-vendedores,https://marketing-sortlist.github.io/overloop-blog/blog/es/peliculas-ventas-favoritas-vendedores.html,
es,planificacion-previa-llamada,https://marketing-sortlist.github.io/overloop-blog/blog/es/planificacion-previa-llamada.html,
es,plantilla-correo-electronico-ventas,https://marketing-sortlist.github.io/overloop-blog/blog/es/plantilla-correo-electronico-ventas.html,
es,presentacion-ventas,https://marketing-sortlist.github.io/overloop-blog/blog/es/presentacion-ventas.html,
es,proceso-ventas-roto-razones,https://marketing-sortlist.github.io/overloop-blog/blog/es/proceso-ventas-roto-razones.html,
es,propuestas-valor-generadas-ia-guia,https://marketing-sortlist.github.io/overloop-blog/blog/es/propuestas-valor-generadas-ia-guia.html,
es,prospectar-clientes,https://marketing-sortlist.github.io/overloop-blog/blog/es/prospectar-clientes.html,
es,pruebas-ab-campanas-email-secuencia,https://marketing-sortlist.github.io/overloop-blog/blog/es/pruebas-ab-campanas-email-secuencia.html,
es,razones-rebote-emails-como-evitarlo,https://marketing-sortlist.github.io/overloop-blog/blog/es/razones-rebote-emails-como-evitarlo.html,
es,redactar-correo-seguimiento,https://marketing-sortlist.github.io/overloop-blog/blog/es/redactar-correo-seguimiento.html,
es,reglas-exito-vendedores,https://marketing-sortlist.github.io/overloop-blog/blog/es/reglas-exito-vendedores.html,
es,resena-la-growth-machine,https://marketing-sortlist.github.io/overloop-blog/blog/es/resena-la-growth-machine.html,
es,resena-linkedin-helper,https://marketing-sortlist.github.io/overloop-blog/blog/es/resena-linkedin-helper.html,
es,roi-herramientas-ventas-ia,https://marketing-sortlist.github.io/overloop-blog/blog/es/roi-herramientas-ventas-ia.html,
es,salesloft-alternatives,https://marketing-sortlist.github.io/overloop-blog/blog/es/salesloft-alternatives.html,
es,secuencia-correos-seguimiento,https://marketing-sortlist.github.io/overloop-blog/blog/es/secuencia-correos-seguimiento.html,
es,tasa-respuesta-correo-ventas,https://marketing-sortlist.github.io/overloop-blog/blog/es/tasa-respuesta-correo-ventas.html,
es,tecnicas-seguimiento-ventas,https://marketing-sortlist.github.io/overloop-blog/blog/es/tecnicas-seguimiento-ventas.html,
es,vendedores-no-obsesionarse-resultados,https://marketing-sortlist.github.io/overloop-blog/blog/es/vendedores-no-obsesionarse-resultados.html,
es,ventas-estacionales-como-sobrevivir,https://marketing-sortlist.github.io/overloop-blog/blog/es/ventas-estacionales-como-sobrevivir.html,
es,ventas-internas-vs-externas,https://marketing-sortlist.github.io/overloop-blog/blog/es/ventas-internas-vs-externas.html,
it,ab-test-email-drip,https://marketing-sortlist.github.io/overloop-blog/blog/it/ab-test-email-drip.html,
it,adozione-strumenti-ai-outbound,https://marketing-sortlist.github.io/overloop-blog/blog/it/adozione-strumenti-ai-outbound.html,
it,ai-pianificazione-follow-up,https://marketing-sortlist.github.io/overloop-blog/blog/it/ai-pianificazione-follow-up.html,
it,alternative-apollo-vendite,https://marketing-sortlist.github.io/overloop-blog/blog/it/alternative-apollo-vendite.html,
it,appuntamenti-commerciali,https://marketing-sortlist.github.io/overloop-blog/blog/it/appuntamenti-commerciali.html,
it,aumentare-tasso-risposta-email,https://marketing-sortlist.github.io/overloop-blog/blog/it/aumentare-tasso-risposta-email.html,
it,automazione-email-produttivita,https://marketing-sortlist.github.io/overloop-blog/blog/it/automazione-email-produttivita.html,
it,automazioni-vendite,https://marketing-sortlist.github.io/overloop-blog/blog/it/automazioni-vendite.html,
it,avviare-carriera-vendite,https://marketing-sortlist.github.io/overloop-blog/blog/it/avviare-carriera-vendite.html,
it,campagne-vendita-multicanale,https://marketing-sortlist.github.io/overloop-blog/blog/it/campagne-vendita-multicanale.html,
it,cold-email-legale,https://marketing-sortlist.github.io/overloop-blog/blog/it/cold-email-legale.html,
it,cold-email-link-building,https://marketing-sortlist.github.io/overloop-blog/blog/it/cold-email-link-building.html,
it,come-scrivere-email-follow-up,https://marketing-sortlist.github.io/overloop-blog/blog/it/come-scrivere-email-follow-up.html,
it,come-trovare-prospect,https://marketing-sortlist.github.io/overloop-blog/blog/it/come-trovare-prospect.html,
it,email-vendita-chiudere-trattative,https://marketing-sortlist.github.io/overloop-blog/blog/it/email-vendita-chiudere-trattative.html,
it,email-vendita-personalizzata,https://marketing-sortlist.github.io/overloop-blog/blog/it/email-vendita-personalizzata.html,
it,errori-automazione-vendite,https://marketing-sortlist.github.io/overloop-blog/blog/it/errori-automazione-vendite.html,
it,evitare-cartella-spam,https://marketing-sortlist.github.io/overloop-blog/blog/it/evitare-cartella-spam.html,
it,film-sulla-vendita,https://marketing-sortlist.github.io/overloop-blog/blog/it/film-sulla-vendita.html,
it,follow-up-email-passo-passo,https://marketing-sortlist.github.io/overloop-blog/blog/it/follow-up-email-passo-passo.html,
it,frasi-da-evitare-email-vendita,https://marketing-sortlist.github.io/overloop-blog/blog/it/frasi-da-evitare-email-vendita.html,
it,gestire-obiezioni-vendita,https://marketing-sortlist.github.io/overloop-blog/blog/it/gestire-obiezioni-vendita.html,
it,guida-automazione-linkedin,https://marketing-sortlist.github.io/overloop-blog/blog/it/guida-automazione-linkedin.html,
it,guida-cold-email,https://marketing-sortlist.github.io/overloop-blog/blog/it/guida-cold-email.html,
it,la-growth-machine-recensione,https://marketing-sortlist.github.io/overloop-blog/blog/it/la-growth-machine-recensione.html,
it,link-nelle-email,https://marketing-sortlist.github.io/overloop-blog/blog/it/link-nelle-email.html,
it,linkedin-helper-recensione,https://marketing-sortlist.github.io/overloop-blog/blog/it/linkedin-helper-recensione.html,
it,linkedin-vs-email-b2b,https://marketing-sortlist.github.io/overloop-blog/blog/it/linkedin-vs-email-b2b.html,
it,lunghezza-cold-email-ideale,https://marketing-sortlist.github.io/overloop-blog/blog/it/lunghezza-cold-email-ideale.html,
it,motivazione-venditori,https://marketing-sortlist.github.io/overloop-blog/blog/it/motivazione-venditori.html,
it,oggetto-email-vendita,https://marketing-sortlist.github.io/overloop-blog/blog/it/oggetto-email-vendita.html,
it,ottenere-email-da-linkedin,https://marketing-sortlist.github.io/overloop-blog/blog/it/ottenere-email-da-linkedin.html,
it,overloop-sortlist,https://marketing-sortlist.github.io/overloop-blog/blog/it/overloop-sortlist.html,
it,parole-spam-da-evitare,https://marketing-sortlist.github.io/overloop-blog/blog/it/parole-spam-da-evitare.html,
it,parole-trigger-copywriting,https://marketing-sortlist.github.io/overloop-blog/blog/it/parole-trigger-copywriting.html,
it,perche-non-comprare-liste-email,https://marketing-sortlist.github.io/overloop-blog/blog/it/perche-non-comprare-liste-email.html,
it,perche-rimbalzano-email,https://marketing-sortlist.github.io/overloop-blog/blog/it/perche-rimbalzano-email.html,
it,pianificazione-pre-chiamata,https://marketing-sortlist.github.io/overloop-blog/blog/it/pianificazione-pre-chiamata.html,
it,piattaforme-sales-engagement-confronto,https://marketing-sortlist.github.io/overloop-blog/blog/it/piattaforme-sales-engagement-confronto.html,
it,presentazione-vendite-generica,https://marketing-sortlist.github.io/overloop-blog/blog/it/presentazione-vendite-generica.html,
it,problemi-processo-vendita,https://marketing-sortlist.github.io/overloop-blog/blog/it/problemi-processo-vendita.html,
it,proposte-di-valore-generate-da-ai,https://marketing-sortlist.github.io/overloop-blog/blog/it/proposte-di-valore-generate-da-ai.html,
it,regole-successo-venditori,https://marketing-sortlist.github.io/overloop-blog/blog/it/regole-successo-venditori.html,
it,roi-strumenti-ai-vendite,https://marketing-sortlist.github.io/overloop-blog/blog/it/roi-strumenti-ai-vendite.html,
it,sequenza-follow-up-email,https://marketing-sortlist.github.io/overloop-blog/blog/it/sequenza-follow-up-email.html,
it,statistiche-cold-email,https://marketing-sortlist.github.io/overloop-blog/blog/it/statistiche-cold-email.html,
it,strategia-cold-email-marketing,https://marketing-sortlist.github.io/overloop-blog/blog/it/strategia-cold-email-marketing.html,
it,strategie-lead-generation-saas,https://marketing-sortlist.github.io/overloop-blog/blog/it/strategie-lead-generation-saas.html,
it,strumenti-ai-agent-vendite,https://marketing-sortlist.github.io/overloop-blog/blog/it/strumenti-ai-agent-vendite.html,
it,strumenti-ai-bdr,https://marketing-sortlist.github.io/overloop-blog/blog/it/strumenti-ai-bdr.html,
it,strumenti-ai-linkedin-outreach,https://marketing-sortlist.github.io/overloop-blog/blog/it/strumenti-ai-linkedin-outreach.html,
it,strumenti-ai-sdr,https://marketing-sortlist.github.io/overloop-blog/blog/it/strumenti-ai-sdr.html,
it,strumenti-assistente-vendite-ai,https://marketing-sortlist.github.io/overloop-blog/blog/it/strumenti-assistente-vendite-ai.html,
it,strumenti-automazione-linkedin,https://marketing-sortlist.github.io/overloop-blog/blog/it/strumenti-automazione-linkedin.html,
it,strumenti-outreach-multicanale-ai,https://marketing-sortlist.github.io/overloop-blog/blog/it/strumenti-outreach-multicanale-ai.html,
it,strumenti-prospezione-ai,https://marketing-sortlist.github.io/overloop-blog/blog/it/strumenti-prospezione-ai.html,
it,strumenti-prospezione-pmi,https://marketing-sortlist.github.io/overloop-blog/blog/it/strumenti-prospezione-pmi.html,
it,strumenti-vendita-b2b,https://marketing-sortlist.github.io/overloop-blog/blog/it/strumenti-vendita-b2b.html,
it,tecniche-follow-up-vendite,https://marketing-sortlist.github.io/overloop-blog/blog/it/tecniche-follow-up-vendite.html,
it,tecniche-prospezione-vendite,https://marketing-sortlist.github.io/overloop-blog/blog/it/tecniche-prospezione-vendite.html,
it,template-email-vendita-sdr,https://marketing-sortlist.github.io/overloop-blog/blog/it/template-email-vendita-sdr.html,
it,trovare-email-b2b-gdpr,https://marketing-sortlist.github.io/overloop-blog/blog/it/trovare-email-b2b-gdpr.html,
it,trovare-email-di-qualcuno,https://marketing-sortlist.github.io/overloop-blog/blog/it/trovare-email-di-qualcuno.html,
it,vendite-interne-vs-vendite-esterne,https://marketing-sortlist.github.io/overloop-blog/blog/it/vendite-interne-vs-vendite-esterne.html,
it,vendite-stagionali-sopravvivere,https://marketing-sortlist.github.io/overloop-blog/blog/it/vendite-stagionali-sopravvivere.html,
it,workflow-lead-generation-scalabile,https://marketing-sortlist.github.io/overloop-blog/blog/it/workflow-lead-generation-scalabile.html,
versus,apollo-vs-lemlist,https://marketing-sortlist.github.io/overloop-blog/versus/apollo-vs-lemlist.html,
versus,instantly-vs-lemlist,https://marketing-sortlist.github.io/overloop-blog/versus/instantly-vs-lemlist.html,
versus,lemlist-vs-apollo,https://marketing-sortlist.github.io/overloop-blog/versus/lemlist-vs-apollo.html,
versus,overloop-vs-apollo,https://marketing-sortlist.github.io/overloop-blog/versus/overloop-vs-apollo.html,
versus,overloop-vs-artisan,https://marketing-sortlist.github.io/overloop-blog/versus/overloop-vs-artisan.html,
versus,overloop-vs-hubspot,https://marketing-sortlist.github.io/overloop-blog/versus/overloop-vs-hubspot.html,
versus,overloop-vs-instantly,https://marketing-sortlist.github.io/overloop-blog/versus/overloop-vs-instantly.html,
versus,overloop-vs-lemlist,https://marketing-sortlist.github.io/overloop-blog/versus/overloop-vs-lemlist.html,
versus,overloop-vs-reply,https://marketing-sortlist.github.io/overloop-blog/versus/overloop-vs-reply.html,
versus,overloop-vs-saleshandy,https://marketing-sortlist.github.io/overloop-blog/versus/overloop-vs-saleshandy.html,
